{"name":"a26c154e-7662-4ea1-a150-e41254caf551","id":"/providers/Microsoft.Flow/flows/a26c154e-7662-4ea1-a150-e41254caf551","type":"Microsoft.Flow/flows","properties":{"apiId":"/providers/Microsoft.PowerApps/apis/shared_logicflows","displayName":"Remove special characters","definition":{"metadata":{"workflowEntityId":null,"processAdvisorMetadata":null,"flowChargedByPaygo":null,"flowclientsuspensionreason":"None","flowclientsuspensiontime":null,"flowclientsuspensionreasondetails":null,"creator":{"id":"e35e90a4-a417-46b0-a19a-dcec81251e82","type":"User","tenantId":"5b73a072-2f1f-46ad-92ca-a9b3993e45aa"},"provisioningMethod":"FromDefinition","failureAlertSubscription":true,"clientLastModifiedTime":"2024-01-05T11:34:44.1659896Z","connectionKeySavedTimeKey":"2024-01-05T11:34:44.1659896Z"},"$schema":"https://schema.management.azure.com/providers/Microsoft.Logic/schemas/2016-06-01/workflowdefinition.json#","contentVersion":"1.0.0.0","parameters":{"$authentication":{"defaultValue":{},"type":"SecureObject"}},"triggers":{"manual":{"metadata":{"operationMetadataId":"b0785f0a-2dff-4fd2-bc32-999f691ceb07"},"type":"Request","kind":"Button","inputs":{"schema":{"type":"object","properties":{},"required":[]}}}},"actions":{"Initialize_variable_|_varString":{"runAfter":{},"metadata":{"operationMetadataId":"949e8169-43e1-4ceb-8dbb-f9224004bffc"},"type":"InitializeVariable","inputs":{"variables":[{"name":"varString","type":"string","value":"Filename \" * : < > ? / \\ | "}]},"description":"You can write any sample filename here to see how this flow works!"},"Initialize_variable_|_varSpecialCharacters":{"runAfter":{"Initialize_variable_|_varString":["Succeeded"]},"metadata":{"operationMetadataId":"19dcf6db-d4db-4d54-8507-5a8c06491482"},"type":"InitializeVariable","inputs":{"variables":[{"name":"varSpecialCharacters","type":"array","value":["\"","*",":","<",">","?","/","\\","|"]}]},"description":"Characters that aren't allowed in file and folder names. You can add more characters to remove using the same logic. "},"Apply_to_each":{"foreach":"@variables('varSpecialCharacters')","actions":{"Compose_|_Remove_Character":{"runAfter":{},"metadata":{"operationMetadataId":"d79840a0-7a65-41f2-8825-5ca7c0f21dd3"},"type":"Compose","inputs":"@replace(variables('varString'), items('Apply_to_each'), '')","description":"replace(variables('varString'), items('Apply_to_each'), '')"},"Set_variable_|_Update_varString":{"runAfter":{"Compose_|_Remove_Character":["Succeeded"]},"metadata":{"operationMetadataId":"78766f83-8e56-4aac-b03b-391893753f47"},"type":"SetVariable","inputs":{"name":"varString","value":"@{outputs('Compose_|_Remove_Character')}"}}},"runAfter":{"Initialize_variable_|_varSpecialCharacters":["Succeeded"]},"metadata":{"operationMetadataId":"30708061-caed-4349-887b-576c3b8ff8ae"},"type":"Foreach"},"Compose_|_End_Result":{"runAfter":{"Apply_to_each":["Succeeded"]},"metadata":{"operationMetadataId":"60a14434-69b3-4c37-924b-e8a425cf38c2"},"type":"Compose","inputs":"@variables('varString')"}},"outputs":{}},"connectionReferences":{},"flowFailureAlertSubscribed":false,"isManaged":false}}